history_version,league,season,date,is_major,major_name,host,points_at_stake,tournament_number,is_ordered,finisher_1,finisher_2,finisher_3,finisher_4,finisher_5,finisher_6,finisher_7,finisher_8,finisher_9,finisher_10,finisher_11,finisher_12,finisher_13,finisher_14,finisher_15,finisher_16,finisher_17,finisher_18,finisher_19,finisher_20
1,GOPT,2007-2009,11/8/07,NO,,Coach,20,1,NO,Coach,,,,,,,,,,,,,,,,,,,
1,GOPT,2007-2009,6/27/08,NO,,Coach,20,1,NO,Waxcuses,,,,,,,,,,,,,,,,,,,
1,GOPT,2007-2009,12/4/08,NO,,Siri,20,1,NO,Moe,,,,,,,,,,,,,,,,,,,
1,GOPT,2007-2009,1/2/09,NO,,Moe,20,1,NO,Coach,,,,,,,,,,,,,,,,,,,
1,GOPT,2007-2009,2/12/09,NO,,Andre,20,1,NO,Siri,,,,,,,,,,,,,,,,,,,
1,GOPT,2007-2009,3/12/09,NO,,Princess Peach,20,1,NO,Siri,,,,,,,,,,,,,,,,,,,
1,GOPT,2007-2009,4/12/09,YES,AC Baby,,20,1,NO,Siri,,,,,,,,,,,,,,,,,,,
1,GOPT,2007-2009,5/7/09,NO,,Moe,20,1,NO,Princess Peach,,,,,,,,,,,,,,,,,,,
1,GOPT,2009-2010,8/31/09,NO,,Waxcuses,20,1,NO,Waxcuses,,,,,,,,,,,,,,,,,,,
1,GOPT,2009-2010,9/24/09,NO,,Siri,20,1,NO,Moe,,,,,,,,,,,,,,,,,,,
1,GOPT,2009-2010,10/15/09,NO,,Andre,20,1,NO,Coach,,,,,,,,,,,,,,,,,,,
1,GOPT,2009-2010,12/3/09,NO,,Princess Peach,20,1,NO,Princess Peach,,,,,,,,,,,,,,,,,,,
1,GOPT,2009-2010,1/7/10,NO,,Moe,20,1,NO,Coach,,,,,,,,,,,,,,,,,,,
1,GOPT,2009-2010,2/4/10,NO,,Coach,20,1,NO,Norman,,,,,,,,,,,,,,,,,,,
1,GOPT,2009-2010,3/10/10,YES,ESSOP,,20,1,NO,Siri,,,,,,,,,,,,,,,,,,,
1,GOPT,2009-2010,4/1/10,YES,AC Baby,,20,1,NO,Masta Pussy,,,,,,,,,,,,,,,,,,,
1,GOPT,2009-2010,5/6/10,NO,,Waxcuses,20,1,NO,Princess Peach,,,,,,,,,,,,,,,,,,,
1,GOPT,2009-2010,6/30/10,NO,,Siri,20,1,NO,Moe,,,,,,,,,,,,,,,,,,,
1,GOPT,2010-2011,8/13/10,NO,,DP Preview,20,1,NO,Masta Pussy,,,,,,,,,,,,,,,,,,,
1,GOPT,2010-2011,9/23/10,NO,,Princess Peach,20,1,NO,Siri,,,,,,,,,,,,,,,,,,,
1,GOPT,2010-2011,10/28/10,NO,,Siri,20,1,NO,Screech,,,,,,,,,,,,,,,,,,,
1,GOPT,2010-2011,12/3/10,NO,,Moe,20,1,NO,Princess Peach,,,,,,,,,,,,,,,,,,,
1,GOPT,2010-2011,12/29/10,NO,,Coach,20,1,NO,Siri,,,,,,,,,,,,,,,,,,,
1,GOPT,2010-2011,1/27/11,NO,,Waxcuses,20,1,NO,Coach,,,,,,,,,,,,,,,,,,,
1,GOPT,2010-2011,3/3/11,NO,,Siri,20,1,NO,Masta Pussy,,,,,,,,,,,,,,,,,,,
1,GOPT,2010-2011,3/19/11,YES,ESSOP,,20,1,NO,Siri,,,,,,,,,,,,,,,,,,,
1,GOPT,2010-2011,4/21/11,YES,AC Baby,,20,1,NO,Screech,,,,,,,,,,,,,,,,,,,
1,GOPT,2010-2011,5/8/11,YES,Vegas Baby,,20,1,NO,Masta Pussy,,,,,,,,,,,,,,,,,,,
1,GOPT,2010-2011,6/1/11,NO,,Princess Peach,20,1,NO,Coach,,,,,,,,,,,,,,,,,,,
1,GOPT,2011-2012,8/4/11,NO,,Andre,20,1,NO,Moe,,,,,,,,,,,,,,,,,,,
1,GOPT,2011-2012,9/14/11,NO,,Moe,20,1,NO,Waxcuses,,,,,,,,,,,,,,,,,,,
1,GOPT,2011-2012,9/29/11,NO,,Andre,20,1,NO,Screech,,,,,,,,,,,,,,,,,,,
1,GOPT,2011-2012,11/10/11,NO,,Coach,20,1,NO,Siri,,,,,,,,,,,,,,,,,,,
1,GOPT,2011-2012,12/8/11,NO,,Coach,20,1,NO,Princess Peach,,,,,,,,,,,,,,,,,,,
1,GOPT,2011-2012,12/30/11,YES,DP Open,,20,1,NO,Screech,,,,,,,,,,,,,,,,,,,
1,GOPT,2011-2012,1/26/12,NO,,Siri,20,1,NO,Siri,,,,,,,,,,,,,,,,,,,
1,GOPT,2011-2012,2/9/12,NO,,Andre,20,1,NO,Screech,,,,,,,,,,,,,,,,,,,
1,GOPT,2011-2012,3/17/12,YES,ESSOP,,20,1,NO,Moe,,,,,,,,,,,,,,,,,,,
1,GOPT,2011-2012,4/5/12,YES,AC Baby,,20,1,NO,Moe,,,,,,,,,,,,,,,,,,,
1,GOPT,2011-2012,5/3/12,NO,,Moe,20,1,NO,Screech,,,,,,,,,,,,,,,,,,,
1,GOPT,2011-2012,6/27/12,NO,,Andre,20,1,NO,Siri,,,,,,,,,,,,,,,,,,,
1,GOPT,2012-2013,8/14/12,NO,,Siri,20,1,NO,Waxcuses,,,,,,,,,,,,,,,,,,,
1,GOPT,2012-2013,9/11/12,NO,,Coach,20,1,NO,Moe,,,,,,,,,,,,,,,,,,,
1,GOPT,2012-2013,10/12/12,NO,,Waxcuses,20,1,NO,Siri,,,,,,,,,,,,,,,,,,,
1,GOPT,2012-2013,11/14/12,NO,,Siri,20,1,NO,Princess Peach,,,,,,,,,,,,,,,,,,,
1,GOPT,2012-2013,12/30/12,YES,DP Open,,20,1,NO,Coach,,,,,,,,,,,,,,,,,,,
1,GOPT,2012-2013,1/17/13,NO,,Andre,20,1,NO,Siri,,,,,,,,,,,,,,,,,,,
1,GOPT,2012-2013,2/22/13,NO,,Moe,20,1,NO,Masta Pussy,,,,,,,,,,,,,,,,,,,
1,GOPT,2012-2013,3/9/13,YES,ESSOP,,20,1,NO,Siri,,,,,,,,,,,,,,,,,,,
1,GOPT,2012-2013,3/28/13,YES,AC Baby,,20,1,NO,Moe,,,,,,,,,,,,,,,,,,,
1,GOPT,2012-2013,5/9/13,NO,,Screech,20,1,NO,Coach,,,,,,,,,,,,,,,,,,,
1,GOPT,2012-2013,6/26/13,NO,,Coach,20,1,NO,Siri,,,,,,,,,,,,,,,,,,,
1,GOPT,2013-2014,9/9/13,NO,,Waxcuses,20,1,NO,Moe,,,,,,,,,,,,,,,,,,,
1,GOPT,2013-2014,10/11/13,NO,,Princess Peach,20,1,NO,Siri,,,,,,,,,,,,,,,,,,,
1,GOPT,2013-2014,11/21/13,NO,,Siri,20,1,NO,The Bieb,,,,,,,,,,,,,,,,,,,
1,GOPT,2013-2014,12/27/13,YES,DP Open,,20,1,NO,Coach,,,,,,,,,,,,,,,,,,,
1,GOPT,2013-2014,1/9/14,NO,,Andre,20,1,NO,Screech,,,,,,,,,,,,,,,,,,,
1,GOPT,2013-2014,2/4/14,NO,,Moe,20,1,NO,Princess Peach,,,,,,,,,,,,,,,,,,,
1,GOPT,2013-2014,2/27/14,NO,,Screech,20,1,NO,Coach,,,,,,,,,,,,,,,,,,,
1,GOPT,2013-2014,3/22/14,YES,ESSOP,,20,1,NO,Mrs. Clay Matthews,,,,,,,,,,,,,,,,,,,
1,GOPT,2013-2014,4/17/14,YES,AC Baby,,20,1,NO,Siri,,,,,,,,,,,,,,,,,,,
1,GOPT,2013-2014,5/21/14,NO,,Coach,20,1,NO,Junior,,,,,,,,,,,,,,,,,,,
1,GOPT,2013-2014,7/1/14,NO,,Siri,20,1,NO,Junior,,,,,,,,,,,,,,,,,,,
1,GOPT,2013-2014,8/26/14,NO,,Waxcuses,20,1,NO,Coach,,,,,,,,,,,,,,,,,,,
1,GOPT,2014-2015,9/18/14,NO,,Andre,20,1,YES,Coach,Mrs. Clay Matthews,Moe,Siri,Masta Pussy,Junior,Andre,,,,,,,,,,,,,
1,GOPT,2014-2015,9/18/14,NO,,Andre,20,2,YES,Mrs. Clay Matthews,Masta Pussy,Moe,Andre,Junior,Siri,Coach,,,,,,,,,,,,,
1,GOPT,2014-2015,10/28/14,NO,,Moe,20,1,YES,Siri,Mrs. Clay Matthews,Moe,Junior,Screech,Andre,Coach,,,,,,,,,,,,,
1,GOPT,2014-2015,10/28/14,NO,,Moe,20,2,YES,Siri,Junior,Andre,Moe,Mrs. Clay Matthews,Screech,Coach,,,,,,,,,,,,,
1,GOPT,2014-2015,11/24/14,NO,,Screech,20,1,YES,Junior,Mrs. Clay Matthews,Masta Pussy,Andre,Siri,Moe,The Bieb,Screech,Waxcuses,Coach,,,,,,,,,,
1,GOPT,2014-2015,11/24/14,NO,,Screech,20,2,YES,Siri,Mrs. Clay Matthews,Waxcuses,Andre,Masta Pussy,Moe,The Bieb,Junior,Screech,Coach,,,,,,,,,,
1,GOPT,2014-2015,12/22/14,NO,,Coach,20,1,YES,Masta Pussy,Siri,Andre,Mrs. Clay Matthews,Waxcuses,The Bieb,Moe,Junior,Coach,,,,,,,,,,,
1,GOPT,2014-2015,12/22/14,NO,,Coach,20,2,YES,Coach,Andre,The Bieb,Waxcuses,Mrs. Clay Matthews,Siri,Masta Pussy,Junior,Moe,,,,,,,,,,,
1,GOPT,2014-2015,1/2/15,YES,Delaware Park,,40,1,YES,Siri,Moe,Andre,Coach,Masta Pussy,Screech,Mrs. Clay Matthews,Junior,,,,,,,,,,,,
1,GOPT,2014-2015,1/20/15,NO,,Siri,20,1,YES,Masta Pussy,Screech,Coach,Andre,The Bieb,Junior,Siri,,,,,,,,,,,,,
1,GOPT,2014-2015,1/20/15,NO,,Siri,20,2,YES,Screech,Junior,Siri,Masta Pussy,The Bieb,Coach,Andre,,,,,,,,,,,,,
1,GOPT,2014-2015,2/19/15,NO,,Waxcuses,20,1,YES,Screech,Moe,Junior,Andre,Waxcuses,Mrs. Clay Matthews,Siri,Masta Pussy,,,,,,,,,,,,
1,GOPT,2014-2015,2/19/15,NO,,Waxcuses,20,2,YES,Moe,Screech,Waxcuses,Masta Pussy,Siri,Mrs. Clay Matthews,Andre,Junior,,,,,,,,,,,,
1,GOPT,2014-2015,3/21/15,YES,ESSOP,,40,1,YES,Moe,The Bieb,Siri,Masta Pussy,Mrs. Clay Matthews,Andre,Junior,Screech,,,,,,,,,,,,
1,GOPT,2014-2015,3/21/15,YES,ESSOP,,40,2,YES,Moe,Junior,Masta Pussy,The Bieb,Andre,Mrs. Clay Matthews,Siri,Screech,,,,,,,,,,,,
1,GOPT,2014-2015,4/2/15,YES,AC Baby 2015,,40,1,YES,Waxcuses,Siri,Coach,Masta Pussy,Screech,Moe,Junior,,,,,,,,,,,,,
1,GOPT,2014-2015,5/19/15,NO,,Junior,20,1,YES,Junior,Mrs. Clay Matthews,Screech,Siri,Andre,Moe,The Bieb,,,,,,,,,,,,,
1,GOPT,2014-2015,5/19/15,NO,,Junior,20,2,YES,Moe,Andre,Junior,Siri,Screech,The Bieb,Mrs. Clay Matthews,,,,,,,,,,,,,
1,GOPT,2014-2015,6/16/15,NO,,Mrs. Clay Matthews,20,1,YES,Siri,Coach,Junior,Andre,Masta Pussy,Moe,Screech,Mrs. Clay Matthews,,,,,,,,,,,,
1,GOPT,2014-2015,6/16/15,NO,,Mrs. Clay Matthews,20,2,YES,Siri,Screech,Mrs. Clay Matthews,Andre,Junior,Coach,Masta Pussy,Moe,,,,,,,,,,,,
1,GOPT,2014-2015,7/21/15,NO,,Moe,20,1,YES,Screech,Moe,Mrs. Clay Matthews,Andre,Junior,The Bieb,Siri,Coach,,,,,,,,,,,,
1,GOPT,2014-2015,7/21/15,NO,,Moe,20,2,YES,Siri,Coach,Junior,Screech,The Bieb,Andre,Moe,Mrs. Clay Matthews,,,,,,,,,,,,
1,GOPT,2015-2016,9/16/15,NO,,Andre,20,1,YES,Siri,Moe,Mrs. Clay Matthews,Junior,The Bieb,Masta Pussy,Andre,Screech,Coach,Waxcuses,,,,,,,,,,
1,GOPT,2015-2016,9/16/15,NO,,Andre,20,2,YES,Moe,Waxcuses,Siri,Screech,Andre,Coach,The Bieb,Masta Pussy,Mrs. Clay Matthews,Junior,,,,,,,,,,
1,GOPT,2015-2016,10/13/15,NO,,Peewee,20,1,YES,Screech,Moe,Coach,Junior,Siri,Waxcuses,Masta Pussy,Mrs. Clay Matthews,Andre,,,,,,,,,,,
1,GOPT,2015-2016,10/13/15,NO,,Peewee,20,2,YES,Coach,Waxcuses,Screech,Mrs. Clay Matthews,Andre,Masta Pussy,Moe,Siri,Junior,,,,,,,,,,,
1,GOPT,2015-2016,11/4/15,NO,,Coach,20,1,YES,Waxcuses,Moe,The Bieb,Andre,Coach,Screech,Masta Pussy,Mrs. Clay Matthews,Siri,,,,,,,,,,,
1,GOPT,2015-2016,11/4/15,NO,,Coach,20,2,YES,Masta Pussy,Moe,Waxcuses,Coach,The Bieb,Siri,Andre,Mrs. Clay Matthews,Screech,,,,,,,,,,,
1,GOPT,2015-2016,12/9/15,NO,,Siri,20,1,YES,Coach,Masta Pussy,Mrs. Clay Matthews,Junior,Screech,Siri,Waxcuses,Andre,The Bieb,,,,,,,,,,,
1,GOPT,2015-2016,12/9/15,NO,,Siri,20,2,YES,Junior,Masta Pussy,Coach,Andre,Siri,Screech,The Bieb,Mrs. Clay Matthews,Waxcuses,,,,,,,,,,,
1,GOPT,2015-2016,12/30/15,YES,DP Open 2015,,40,1,YES,Screech,Coach,Andre,Masta Pussy,Moe,Siri,Junior,,,,,,,,,,,,,
1,GOPT,2015-2016,1/21/16,NO,,Junior,20,1,YES,Moe,Masta Pussy,Siri,Andre,Mrs. Clay Matthews,The Bieb,Waxcuses,Junior,Screech,,,,,,,,,,,
1,GOPT,2015-2016,1/21/16,NO,,Junior,20,2,YES,Moe,Mrs. Clay Matthews,The Bieb,Screech,Siri,Junior,Andre,Waxcuses,Masta Pussy,,,,,,,,,,,
1,GOPT,2015-2016,2/11/16,NO,,Waxcuses,20,1,YES,Moe,Princess Peach,Junior,Screech,The Bieb,Coach,Waxcuses,Andre,Mrs. Clay Matthews,Masta Pussy,,,,,,,,,,
1,GOPT,2015-2016,2/11/16,NO,,Waxcuses,20,2,YES,Screech,Andre,Princess Peach,Waxcuses,Masta Pussy,Junior,The Bieb,Moe,Coach,Mrs. Clay Matthews,,,,,,,,,,
1,GOPT,2015-2016,3/24/16,YES,AC BABY 2016,,40,1,YES,Masta Pussy,Moe,Siri,Andre,Junior,Coach,Mrs. Clay Matthews,Waxcuses,,,,,,,,,,,,
1,GOPT,2015-2016,4/28/16,NO,,The Bieb,20,1,YES,Siri,Moe,Coach,Andre,Masta Pussy,The Bieb,Waxcuses,Junior,,,,,,,,,,,,
1,GOPT,2015-2016,4/28/16,NO,,The Bieb,20,2,YES,Junior,Siri,The Bieb,Waxcuses,Andre,Moe,Masta Pussy,Coach,,,,,,,,,,,,
1,GOPT,2015-2016,5/31/16,NO,,Mrs. Clay Matthews,20,1,YES,Coach,Siri,Mrs. Clay Matthews,Moe,Masta Pussy,Andre,Junior,,,,,,,,,,,,,
1,GOPT,2015-2016,5/31/16,NO,,Mrs. Clay Matthews,20,2,YES,Coach,Andre,Siri,Mrs. Clay Matthews,Junior,Masta Pussy,Moe,,,,,,,,,,,,,
1,GOPT,2015-2016,6/17/16,YES,Downtown Newark Open,,40,1,YES,Siri,Andre,Moe,Masta Pussy,Junior,Mrs. Clay Matthews,Coach,,,,,,,,,,,,,
1,GOPT,2015-2016,7/26/16,NO,,Andre,20,1,YES,Andre,Siri,Mrs. Clay Matthews,Junior,Moe,Waxcuses,Masta Pussy,,,,,,,,,,,,,
1,GOPT,2015-2016,7/26/16,NO,,Andre,20,2,YES,Mrs. Clay Matthews,Junior,Andre,Moe,Masta Pussy,Siri,Waxcuses,,,,,,,,,,,,,
1,GOPT,2016-2017,9/20/16,NO,,Coach,20,1,YES,The Bieb,Masta Pussy,Moe,Mrs. Clay Matthews,Junior,Andre,Coach,Siri,Princess Peach,Waxcuses,,,,,,,,,,
1,GOPT,2016-2017,9/20/16,NO,,Coach,20,2,YES,Waxcuses,Junior,Princess Peach,Andre,Masta Pussy,The Bieb,Moe,Siri,Coach,Mrs. Clay Matthews,,,,,,,,,,
1,GOPT,2016-2017,10/20/16,NO,,Siri,20,1,YES,Waxcuses,Masta Pussy,The Bieb,Moe,Siri,Junior,Coach,Andre,,,,,,,,,,,,
1,GOPT,2016-2017,10/20/16,NO,,Siri,20,2,YES,Andre,Waxcuses,Moe,The Bieb,Junior,Siri,Masta Pussy,Coach,,,,,,,,,,,,
1,GOPT,2016-2017,11/29/16,NO,,Junior,20,1,YES,Mrs. Clay Matthews,Masta Pussy,Coach,Moe,Andre,Siri,Junior,,,,,,,,,,,,,
1,GOPT,2016-2017,11/29/16,NO,,Junior,20,2,YES,Masta Pussy,Moe,Andre,Siri,Coach,Junior,Mrs. Clay Matthews,,,,,,,,,,,,,
1,GOPT,2016-2017,12/31/16,YES,2016 DP Open,,40,1,YES,Coach,Andre,Moe,Siri,Screech,Mrs. Clay Matthews,The Bieb,Masta Pussy,,,,,,,,,,,,
1,GOPT,2016-2017,1/23/17,NO,,The Bieb,20,1,YES,The Bieb,Masta Pussy,Siri,Moe,Andre,Junior,Coach,Mrs. Clay Matthews,,,,,,,,,,,,
1,GOPT,2016-2017,1/23/17,NO,,The Bieb,20,2,YES,Masta Pussy,Coach,Andre,Siri,Junior,Mrs. Clay Matthews,Moe,The Bieb,,,,,,,,,,,,
1,GOPT,2016-2017,2/16/17,NO,,Moe,20,1,YES,Junior,Andre,Siri,Coach,Moe,Masta Pussy,,,,,,,,,,,,,,
1,GOPT,2016-2017,2/16/17,NO,,Moe,20,2,YES,Moe,Coach,Masta Pussy,Andre,Junior,Siri,,,,,,,,,,,,,,
1,GOPT,2016-2017,3/23/17,NO,,Waxcuses,20,1,YES,Moe,Siri,Coach,Masta Pussy,Andre,Junior,Waxcuses,,,,,,,,,,,,,
1,GOPT,2016-2017,3/23/17,NO,,Waxcuses,20,2,YES,Junior,Moe,Siri,Andre,Coach,Masta Pussy,Waxcuses,,,,,,,,,,,,,
1,GOPT,2016-2017,4/13/17,YES,AC Baby 2017,,40,1,YES,Moe,Coach,The Bieb,Junior,Andre,Waxcuses,Siri,Masta Pussy,,,,,,,,,,,,
1,GOPT,2016-2017,5/31/17,NO,,Andre,20,1,YES,Coach,Junior,Moe,Siri,Andre,Waxcuses,,,,,,,,,,,,,,
1,GOPT,2016-2017,5/31/17,NO,,Andre,20,2,YES,Coach,Siri,Moe,Waxcuses,Junior,Andre,,,,,,,,,,,,,,
1,GOPT,2016-2017,6/23/17,YES,DNO 2017,,40,1,YES,Andre,Mrs. Clay Matthews,Moe,Masta Pussy,Junior,,,,,,,,,,,,,,,
1,GOPT,2016-2017,7/26/17,NO,,Mrs. Clay Matthews,20,1,YES,Mrs. Clay Matthews,Andre,Moe,The Bieb,Coach,Junior,Waxcuses,Siri,,,,,,,,,,,,
1,GOPT,2016-2017,7/26/17,NO,,Mrs. Clay Matthews,20,2,YES,Coach,The Bieb,Waxcuses,Mrs. Clay Matthews,Andre,Junior,Moe,Siri,,,,,,,,,,,,
1,GOPT,2016-2017,8/30/17,NO,,Coach,20,1,YES,Mrs. Clay Matthews,Moe,Waxcuses,Coach,Siri,Princess Peach,Masta Pussy,Junior,The Bieb,,,,,,,,,,,
1,GOPT,2016-2017,8/30/17,NO,,Coach,20,2,YES,Waxcuses,Coach,Moe,Masta Pussy,Siri,Mrs. Clay Matthews,Junior,Princess Peach,The Bieb,,,,,,,,,,,
1,GOPT,2017-2018,9/22/17,NO,,Siri,20,1,YES,Coach,Andre,Moe,Siri,Mrs. Clay Matthews,,,,,,,,,,,,,,,
1,GOPT,2017-2018,9/22/17,NO,,Siri,20,2,YES,Siri,Moe,Andre,Coach,Mrs. Clay Matthews,,,,,,,,,,,,,,,
1,GOPT,2017-2018,10/25/17,NO,,Junior,20,1,YES,Moe,Mrs. Clay Matthews,Siri,The Bieb,Andre,Junior,,,,,,,,,,,,,,
1,GOPT,2017-2018,10/25/17,NO,,Junior,20,2,YES,Siri,Junior,Andre,Moe,The Bieb,Mrs. Clay Matthews,,,,,,,,,,,,,,
1,GOPT,2017-2018,11/29/17,NO,,The Bieb,20,1,YES,Junior,Andre,Coach,The Bieb,Mrs. Clay Matthews,Siri,,,,,,,,,,,,,,
1,GOPT,2017-2018,11/29/17,NO,,The Bieb,20,2,YES,Mrs. Clay Matthews,The Bieb,Andre,Junior,Coach,Siri,,,,,,,,,,,,,,
1,GOPT,2017-2018,12/29/17,YES,DP Open 2017,,40,1,YES,Moe,Junior,Coach,Andre,Mrs. Clay Matthews,Masta Pussy,The Bieb,Siri,,,,,,,,,,,,
1,GOPT,2017-2018,1/16/18,NO,,Moe,20,1,YES,Andre,Waxcuses,Coach,Mrs. Clay Matthews,Siri,Junior,Moe,,,,,,,,,,,,,
1,GOPT,2017-2018,1/16/18,NO,,Moe,20,2,YES,Moe,Siri,Waxcuses,Junior,Andre,Coach,Mrs. Clay Matthews,,,,,,,,,,,,,
1,GOPT,2017-2018,2/19/18,NO,,Waxcuses,20,1,YES,Junior,Coach,Siri,Masta Pussy,Mrs. Clay Matthews,Moe,Andre,Waxcuses,,,,,,,,,,,,
1,GOPT,2017-2018,2/19/18,NO,,Waxcuses,20,2,YES,Moe,Waxcuses,Andre,Junior,Mrs. Clay Matthews,Coach,Siri,Masta Pussy,,,,,,,,,,,,
1,GOPT,2017-2018,3/15/18,NO,,Andre,20,1,YES,Moe,Andre,Mrs. Clay Matthews,Waxcuses,Junior,Coach,Siri,,,,,,,,,,,,,
1,GOPT,2017-2018,3/15/18,NO,,Andre,20,2,YES,Junior,Waxcuses,Mrs. Clay Matthews,Coach,Andre,Siri,Moe,,,,,,,,,,,,,
1,GOPT,2017-2018,3/29/18,YES,AC Baby,,40,1,YES,Junior,Coach,Masta Pussy,Moe,,,,,,,,,,,,,,,,
1,GOPT,2017-2018,4/26/18,NO,,Mrs. Clay Matthews,20,1,YES,Siri,Coach,Moe,Junior,Mrs. Clay Matthews,The Bieb,,,,,,,,,,,,,,
1,GOPT,2017-2018,4/26/18,NO,,Mrs. Clay Matthews,20,2,YES,The Bieb,Coach,Junior,Mrs. Clay Matthews,Moe,Siri,,,,,,,,,,,,,,
1,GOPT,2017-2018,5/30/18,NO,,Siri,20,1,YES,Moe,Andre,The Bieb,Coach,Mrs. Clay Matthews,Waxcuses,Siri,,,,,,,,,,,,,
1,GOPT,2017-2018,5/30/18,NO,,Siri,20,2,YES,Waxcuses,The Bieb,Andre,Moe,Mrs. Clay Matthews,Siri,Coach,,,,,,,,,,,,,
1,GOPT,2017-2018,6/15/18,YES,DNO 2018,,40,1,YES,Masta Pussy,Moe,Junior,Coach,Siri,,,,,,,,,,,,,,,
1,GOPT,2017-2018,8/1/18,NO,,Coach,20,1,YES,Andre,Siri,Moe,Junior,Coach,Mrs. Clay Matthews,,,,,,,,,,,,,,
1,GOPT,2017-2018,8/1/18,NO,,Coach,20,2,YES,Siri,Mrs. Clay Matthews,Moe,Junior,Andre,Coach,,,,,,,,,,,,,,
1,GOPT,2017-2018,8/29/18,NO,,Junior,20,1,YES,Siri,Coach,Masta Pussy,Waxcuses,Andre,Moe,Junior,Mrs. Clay Matthews,,,,,,,,,,,,
1,GOPT,2017-2018,8/29/18,NO,,Junior,20,2,YES,Siri,Waxcuses,Moe,Junior,Coach,Andre,Masta Pussy,Mrs. Clay Matthews,,,,,,,,,,,,
1,GOPT,2018-2019,10/3/18,NO,,The Bieb,20,1,YES,Siri,Moe,Coach,Junior,Andre,The Bieb,Mrs. Clay Matthews,,,,,,,,,,,,,
1,GOPT,2018-2019,10/3/18,NO,,The Bieb,20,2,YES,Moe,Mrs. Clay Matthews,Junior,Andre,Coach,The Bieb,Siri,,,,,,,,,,,,,
1,GOPT,2018-2019,10/24/18,NO,,Moe,20,1,YES,Mrs. Clay Matthews,Waxcuses,Moe,Coach,Siri,Junior,Andre,,,,,,,,,,,,,
1,GOPT,2018-2019,10/24/18,NO,,Moe,20,2,YES,Junior,Waxcuses,Coach,Mrs. Clay Matthews,Moe,Andre,Siri,,,,,,,,,,,,,
1,GOPT,2018-2019,11/19/18,NO,,Waxcuses,20,1,YES,Siri,Coach,Moe,Junior,Andre,Waxcuses,Masta Pussy,,,,,,,,,,,,,
1,GOPT,2018-2019,11/19/18,NO,,Waxcuses,20,2,YES,Siri,Masta Pussy,Waxcuses,Junior,Andre,Coach,Moe,,,,,,,,,,,,,
1,GOPT,2018-2019,1/10/19,NO,,Andre,20,1,YES,Waxcuses,Andre,Coach,Mrs. Clay Matthews,Moe,Junior,Siri,Masta Pussy,,,,,,,,,,,,
1,GOPT,2018-2019,1/10/19,NO,,Andre,20,2,YES,Siri,Andre,Mrs. Clay Matthews,Waxcuses,Junior,Moe,Masta Pussy,Coach,,,,,,,,,,,,
1,GOPT,2018-2019,1/21/19,YES,Harrah's,,40,1,YES,Siri,Coach,Junior,Masta Pussy,Mrs. Clay Matthews,,,,,,,,,,,,,,,
1,GOPT,2018-2019,2/12/19,NO,,Mrs. Clay Matthews,20,1,YES,Siri,The Bieb,Masta Pussy,Mrs. Clay Matthews,Moe,Andre,Coach,,,,,,,,,,,,,
1,GOPT,2018-2019,2/12/19,NO,,Mrs. Clay Matthews,20,2,YES,Siri,The Bieb,Mrs. Clay Matthews,Coach,Moe,Andre,Masta Pussy,,,,,,,,,,,,,
1,GOPT,2018-2019,3/28/19,NO,,Coach,20,1,YES,Mrs. Clay Matthews,Coach,Andre,Moe,Siri,Waxcuses,Junior,,,,,,,,,,,,,
1,GOPT,2018-2019,3/28/19,NO,,Coach,20,2,YES,Junior,Moe,Siri,Andre,Mrs. Clay Matthews,Coach,Waxcuses,,,,,,,,,,,,,
1,GOPT,2018-2019,4/18/19,YES,AC Baby 2019,,40,1,YES,Moe,Junior,Siri,Coach,Waxcuses,,,,,,,,,,,,,,,
1,GOPT,2018-2019,5/28/19,NO,,Siri,20,1,YES,Masta Pussy,Moe,Siri,Junior,Coach,Waxcuses,Andre,The Bieb,,,,,,,,,,,,
1,GOPT,2018-2019,5/28/19,NO,,Siri,20,2,YES,Andre,Coach,The Bieb,Waxcuses,Siri,Junior,Moe,Masta Pussy,,,,,,,,,,,,
1,GOPT,2018-2019,6/14/19,YES,DNO 2019,,40,1,YES,Moe,Coach,Siri,Andre,Masta Pussy,,,,,,,,,,,,,,,
1,GOPT,2018-2019,7/23/19,NO,,Junior,20,1,YES,The Bieb,Siri,Andre,Coach,Junior,Mrs. Clay Matthews,,,,,,,,,,,,,,
1,GOPT,2018-2019,7/23/19,NO,,Junior,20,2,YES,Coach,Junior,Mrs. Clay Matthews,Andre,Siri,The Bieb,,,,,,,,,,,,,,
1,GOPT,2018-2019,8/27/19,NO,,The Bieb,20,1,YES,Junior,Coach,Andre,Moe,Siri,The Bieb,,,,,,,,,,,,,,
1,GOPT,2018-2019,8/27/19,NO,,The Bieb,20,2,YES,Moe,Siri,The Bieb,Junior,Andre,Coach,,,,,,,,,,,,,,
1,GOPT,2019-2020,9/18/19,NO,,Moe,20,1,YES,Moe,Waxcuses,Coach,Andre,Mrs. Clay Matthews,Junior,,,,,,,,,,,,,,
1,GOPT,2019-2020,9/18/19,NO,,Moe,20,2,YES,Andre,Junior,Moe,Coach,Waxcuses,Mrs. Clay Matthews,,,,,,,,,,,,,,
1,GOPT,2019-2020,10/30/19,NO,,Waxcuses,20,1,YES,Junior,Moe,Siri,Andre,Waxcuses,Coach,,,,,,,,,,,,,,
1,GOPT,2019-2020,10/30/19,NO,,Waxcuses,20,2,YES,Moe,Andre,Coach,Waxcuses,Junior,Siri,,,,,,,,,,,,,,
1,GOPT,2019-2020,11/21/19,NO,,Andre,20,1,YES,Andre,The Bieb,Waxcuses,Mrs. Clay Matthews,Moe,Coach,,,,,,,,,,,,,,
1,GOPT,2019-2020,11/21/19,NO,,Andre,20,2,YES,Andre,Mrs. Clay Matthews,The Bieb,Moe,Waxcuses,Coach,,,,,,,,,,,,,,
1,GOPT,2019-2020,12/9/19,NO,,Mrs. Clay Matthews,20,1,YES,Siri,Waxcuses,Andre,Mrs. Clay Matthews,Junior,Moe,Coach,,,,,,,,,,,,,
1,GOPT,2019-2020,12/9/19,NO,,Mrs. Clay Matthews,20,2,YES,Siri,Moe,Andre,Junior,Coach,Waxcuses,Mrs. Clay Matthews,,,,,,,,,,,,,
1,GOPT,2019-2020,1/27/20,NO,,Coach,20,1,YES,Junior,The Bieb,Masta Pussy,Andre,Siri,Mrs. Clay Matthews,Coach,Moe,,,,,,,,,,,,
1,GOPT,2019-2020,1/27/20,NO,,Coach,20,2,YES,Siri,Moe,The Bieb,Coach,Masta Pussy,Mrs. Clay Matthews,Andre,Junior,,,,,,,,,,,,
1,GOPT,2019-2020,2/25/20,NO,,Siri,20,1,YES,Siri,Mrs. Clay Matthews,Andre,The Bieb,Moe,Coach,Junior,Masta Pussy,,,,,,,,,,,,
1,GOPT,2019-2020,2/25/20,NO,,Siri,20,2,YES,The Bieb,Coach,Masta Pussy,Junior,Mrs. Clay Matthews,Moe,Andre,Siri,,,,,,,,,,,,
1,GOPT,2019-2020,3/25/20,NO,,None (Virtual),20,1,YES,Moe,Junior,The Bieb,Mrs. Clay Matthews,Coach,Masta Pussy,Siri,Andre,,,,,,,,,,,,
1,GOPT,2019-2020,3/25/20,NO,,None (Virtual),20,2,YES,Masta Pussy,Coach,Siri,Mrs. Clay Matthews,Junior,Moe,Andre,The Bieb,,,,,,,,,,,,
1,GOPT,2019-2020,4/9/20,NO,,None (Virtual),20,1,YES,Siri,Junior,Screech,Mrs. Clay Matthews,Moe,Waxcuses,Coach,Masta Pussy,Andre,The Bieb,,,,,,,,,,
1,GOPT,2019-2020,4/9/20,NO,,None (Virtual),20,2,YES,Waxcuses,Andre,Screech,Moe,Mrs. Clay Matthews,Siri,Junior,Coach,The Bieb,Masta Pussy,,,,,,,,,,
1,GOPT,2019-2020,5/5/20,NO,,None (Virtual),20,1,YES,The Bieb,Siri,Moe,Masta Pussy,Screech,Coach,Andre,Mrs. Clay Matthews,Junior,,,,,,,,,,,
1,GOPT,2019-2020,5/5/20,NO,,None (Virtual),20,2,YES,Siri,Coach,Masta Pussy,Mrs. Clay Matthews,The Bieb,Junior,Andre,Moe,Screech,,,,,,,,,,,
1,GOPT,2019-2020,6/3/20,NO,,None (Virtual),20,1,YES,Moe,The Bieb,Siri,Junior,Coach,Andre,Masta Pussy,Mrs. Clay Matthews,Screech,,,,,,,,,,,
1,GOPT,2019-2020,6/3/20,NO,,None (Virtual),20,2,YES,Masta Pussy,Junior,The Bieb,Coach,Siri,Mrs. Clay Matthews,Andre,Moe,Screech,,,,,,,,,,,
1,GOPT,2019-2020,7/14/20,NO,,None (Virtual),20,1,YES,Siri,Screech,Moe,The Bieb,Junior,Coach,Masta Pussy,Mrs. Clay Matthews,,,,,,,,,,,,
1,GOPT,2019-2020,7/14/20,NO,,None (Virtual),20,2,YES,Junior,Masta Pussy,Screech,Siri,The Bieb,Mrs. Clay Matthews,Coach,Moe,,,,,,,,,,,,
1,GOPT,2019-2020,9/10/20,NO,,None (Virtual),20,1,YES,Siri,Junior,The Bieb,Moe,Screech,Mrs. Clay Matthews,,,,,,,,,,,,,,
1,GOPT,2019-2020,9/10/20,NO,,None (Virtual),20,2,YES,Junior,Moe,Siri,Screech,The Bieb,Mrs. Clay Matthews,,,,,,,,,,,,,,
1,GOPT,2020-2021,12/8/20,NO,,None (Virtual),20,1,YES,Screech,Andre,Moe,Siri,Junior,Mrs. Clay Matthews,Masta Pussy,Coach,The Bieb,,,,,,,,,,,
1,GOPT,2020-2021,12/8/20,NO,,None (Virtual),20,2,YES,Screech,Masta Pussy,The Bieb,Siri,Moe,Coach,Andre,Junior,Mrs. Clay Matthews,,,,,,,,,,,
1,GOPT,2020-2021,1/21/21,NO,,None (Virtual),20,1,YES,Moe,Screech,Junior,Coach,The Bieb,Waxcuses,Andre,Mrs. Clay Matthews,Masta Pussy,Siri,,,,,,,,,,
1,GOPT,2020-2021,1/21/21,NO,,None (Virtual),20,2,YES,Coach,The Bieb,Mrs. Clay Matthews,Screech,Andre,Siri,Waxcuses,Moe,Masta Pussy,Junior,,,,,,,,,,
1,GOPT,2020-2021,2/25/21,NO,,None (Virtual),20,1,YES,Siri,Screech,Masta Pussy,Andre,Moe,Junior,Coach,Waxcuses,The Bieb,Mrs. Clay Matthews,,,,,,,,,,
1,GOPT,2020-2021,2/25/21,NO,,None (Virtual),20,2,YES,Masta Pussy,The Bieb,Junior,Waxcuses,Coach,Moe,Siri,Andre,Screech,Mrs. Clay Matthews,,,,,,,,,,
1,GOPT,2020-2021,3/16/21,NO,,None (Virtual),20,1,YES,Screech,Coach,Andre,The Bieb,Masta Pussy,Junior,Moe,Mrs. Clay Matthews,,,,,,,,,,,,
1,GOPT,2020-2021,3/16/21,NO,,None (Virtual),20,2,YES,Junior,Coach,The Bieb,Screech,Masta Pussy,Andre,Moe,Mrs. Clay Matthews,,,,,,,,,,,,
1,GOPT,2020-2021,4/22/21,NO,,None (Virtual),20,1,YES,Waxcuses,Masta Pussy,Siri,Moe,Coach,Mrs. Clay Matthews,Junior,Screech,,,,,,,,,,,,
1,GOPT,2020-2021,4/22/21,NO,,None (Virtual),20,2,YES,Screech,Junior,Masta Pussy,Moe,Waxcuses,Coach,Mrs. Clay Matthews,Siri,,,,,,,,,,,,
1,GOPT,2020-2021,5/24/21,NO,,None (Virtual),20,1,YES,Junior,Coach,Screech,Waxcuses,Moe,Siri,The Bieb,Andre,Mrs. Clay Matthews,,,,,,,,,,,
1,GOPT,2020-2021,5/24/21,NO,,None (Virtual),20,2,YES,Andre,Screech,Siri,The Bieb,Moe,Coach,Junior,Waxcuses,Mrs. Clay Matthews,,,,,,,,,,,
1,GOPT,2020-2021,6/29/21,NO,,Moe,20,1,YES,Coach,Moe,Junior,Screech,Siri,Mrs. Clay Matthews,,,,,,,,,,,,,,
1,GOPT,2020-2021,6/29/21,NO,,Moe,20,2,YES,Screech,Junior,Moe,Mrs. Clay Matthews,Siri,Coach,,,,,,,,,,,,,,
1,GOPT,2020-2021,8/3/21,NO,,None (Virtual),20,1,YES,Junior,Moe,Screech,Coach,Mrs. Clay Matthews,The Bieb,Siri,Masta Pussy,,,,,,,,,,,,
1,GOPT,2020-2021,8/3/21,NO,,None (Virtual),20,2,YES,Junior,Coach,Siri,The Bieb,Moe,Screech,Masta Pussy,Mrs. Clay Matthews,,,,,,,,,,,,
1,GOPT,2020-2021,10/28/21,NO,,Moe,20,1,YES,Junior,Mrs. Clay Matthews,Coach,Siri,Waxcuses,Moe,Screech,Masta Pussy,,,,,,,,,,,,
1,GOPT,2020-2021,10/28/21,NO,,Moe,20,2,YES,Screech,Coach,Waxcuses,Siri,Moe,Mrs. Clay Matthews,Junior,Masta Pussy,,,,,,,,,,,,
1,GOPT,2020-2021,11/12/21,NO,,Mrs. Clay Matthews,20,1,YES,Junior,Moe,Screech,Andre,Mrs. Clay Matthews,Waxcuses,Coach,,,,,,,,,,,,,
1,GOPT,2020-2021,11/12/21,NO,,Mrs. Clay Matthews,20,2,YES,Screech,Mrs. Clay Matthews,Coach,Moe,Junior,Waxcuses,Andre,,,,,,,,,,,,,
1,GOPT,2022,2/17/22,NO,,Siri,20,1,YES,Moe,Screech,Andre,Coach,Siri,Masta Pussy,The Bieb,Mrs. Clay Matthews,,,,,,,,,,,,
1,GOPT,2022,2/17/22,NO,,Siri,20,2,YES,Screech,Moe,The Bieb,Siri,Mrs. Clay Matthews,Andre,Masta Pussy,Coach,,,,,,,,,,,,
1,GOPT,2022,3/29/22,NO,,Junior,20,1,YES,Andre,Siri,Moe,Coach,Screech,Masta Pussy,Junior,Waxcuses,Mrs. Clay Matthews,,,,,,,,,,,
1,GOPT,2022,3/29/22,NO,,Junior,20,2,YES,Moe,Coach,Andre,Screech,Masta Pussy,Waxcuses,Siri,Junior,Mrs. Clay Matthews,,,,,,,,,,,
1,GOPT,2022,4/27/22,NO,,Waxcuses,20,1,YES,Screech,Junior,Mrs. Clay Matthews,Waxcuses,Moe,Andre,Siri,,,,,,,,,,,,,
1,GOPT,2022,4/27/22,NO,,Waxcuses,20,2,YES,Screech,Moe,Junior,Andre,Siri,Mrs. Clay Matthews,Waxcuses,,,,,,,,,,,,,
1,GOPT,2022,6/3/22,NO,,Coach,20,1,YES,The Bieb,Junior,Waxcuses,Siri,Coach,Mrs. Clay Matthews,Moe,Screech,,,,,,,,,,,,
1,GOPT,2022,6/3/22,NO,,Coach,20,2,YES,Screech,Siri,Coach,Junior,Moe,The Bieb,Waxcuses,Mrs. Clay Matthews,,,,,,,,,,,,
1,GOPT,2022,6/29/22,NO,,None (Virtual),20,1,YES,Junior,Screech,Siri,Moe,Masta Pussy,The Bieb,,,,,,,,,,,,,,
1,GOPT,2022,6/29/22,NO,,None (Virtual),20,2,YES,Junior,Moe,Screech,The Bieb,Siri,Masta Pussy,,,,,,,,,,,,,,
1,GOPT,2022,7/20/22,NO,,The Bieb,20,1,YES,Screech,Coach,Junior,Moe,Siri,The Bieb,,,,,,,,,,,,,,
1,GOPT,2022,7/20/22,NO,,The Bieb,20,2,YES,Screech,Junior,Coach,Siri,Moe,The Bieb,,,,,,,,,,,,,,
1,GOPT,2022,8/30/22,NO,,Screech,20,1,YES,Mrs. Clay Matthews,Junior,The Bieb,Coach,Waxcuses,Andre,Moe,Siri,Masta Pussy,Screech,,,,,,,,,,
1,GOPT,2022,8/30/22,NO,,Screech,20,2,YES,Coach,Screech,Junior,The Bieb,Moe,Mrs. Clay Matthews,Siri,Andre,Masta Pussy,Waxcuses,,,,,,,,,,
1,GOPT,2022,9/22/22,NO,,Andre,20,1,YES,Moe,Coach,Mrs. Clay Matthews,Andre,Screech,,,,,,,,,,,,,,,
1,GOPT,2022,9/22/22,NO,,Andre,20,2,YES,Moe,Coach,Mrs. Clay Matthews,Andre,Screech,,,,,,,,,,,,,,,
1,GOPT,2022,10/11/22,NO,,Masta Pu$$y,20,1,YES,Screech,Moe,Waxcuses,Masta Pussy,Mrs. Clay Matthews,Siri,Andre,Coach,,,,,,,,,,,,
1,GOPT,2022,10/11/22,NO,,Masta Pu$$y,20,2,YES,Screech,Siri,Coach,Andre,Moe,Waxcuses,Mrs. Clay Matthews,Masta Pussy,,,,,,,,,,,,
1,GOPT,2022,11/10/22,NO,,Moe,20,1,YES,Waxcuses,Siri,Moe,Masta Pussy,Coach,Screech,,,,,,,,,,,,,,
1,GOPT,2022,11/10/22,NO,,Moe,20,2,YES,Waxcuses,Screech,Coach,Siri,Masta Pussy,Moe,,,,,,,,,,,,,,
1,GOPT,2022,12/7/22,NO,,Mrs. Clay Matthews,20,1,YES,Siri,Mrs. Clay Matthews,Coach,Moe,Screech,Andre,Junior,,,,,,,,,,,,,
1,GOPT,2022,12/7/22,NO,,Mrs. Clay Matthews,20,2,YES,Coach,Andre,Mrs. Clay Matthews,Screech,Siri,Junior,Moe,,,,,,,,,,,,,
1,GOPT,2023,1/29/23,NO,,Siri,20,1,YES,Masta Pussy,Coach,Mrs. Clay Matthews,Screech,Moe,Andre,Siri,,,,,,,,,,,,,
1,GOPT,2023,1/29/23,NO,,Siri,20,2,YES,Masta Pussy,Siri,Mrs. Clay Matthews,Coach,Moe,Andre,Screech,,,,,,,,,,,,,
1,GOPT,2023,2/28/23,NO,,Coach,20,1,YES,Junior,Screech,Moe,Masta Pussy,Andre,Mrs. Clay Matthews,Coach,,,,,,,,,,,,,
1,GOPT,2023,2/28/23,NO,,Coach,20,2,YES,Coach,Screech,Moe,Masta Pussy,Mrs. Clay Matthews,Andre,Junior,,,,,,,,,,,,,
1,GOPT,2023,3/23/23,NO,,Screech,20,1,YES,Andre,Screech,Moe,Waxcuses,Masta Pussy,Siri,Coach,,,,,,,,,,,,,
1,GOPT,2023,3/23/23,NO,,Screech,20,2,YES,Coach,Siri,Andre,Masta Pussy,Screech,Moe,Waxcuses,,,,,,,,,,,,,
1,GOPT,2023,4/6/23,YES,AC Baby,,40,1,YES,Coach,Screech,Moe,Masta Pussy,,,,,,,,,,,,,,,,
1,GOPT,2023,4/20/23,NO,,Andre,20,1,YES,Moe,Andre,Mrs. Clay Matthews,Coach,Junior,Siri,Waxcuses,Screech,,,,,,,,,,,,
1,GOPT,2023,4/20/23,NO,,Andre,20,2,YES,Siri,Junior,Screech,Andre,Mrs. Clay Matthews,Coach,Moe,Waxcuses,,,,,,,,,,,,
1,GOPT,2023,6/13/23,NO,,Junior,20,1,YES,Andre,Screech,Junior,Siri,Coach,The Bieb,Moe,,,,,,,,,,,,,
1,GOPT,2023,6/13/23,NO,,Junior,20,2,YES,Junior,Coach,The Bieb,Moe,Andre,Siri,Screech,,,,,,,,,,,,,
1,GOPT,2023,7/25/23,NO,,The Bieb,20,1,YES,The Bieb,Mrs. Clay Matthews,Junior,Coach,Moe,Screech,Siri,,,,,,,,,,,,,
1,GOPT,2023,7/25/23,NO,,The Bieb,20,2,YES,Moe,Siri,Mrs. Clay Matthews,The Bieb,Screech,Junior,Coach,,,,,,,,,,,,,
1,GOPT,2023,8/28/23,NO,,Waxcuses,20,1,YES,Waxcuses,Andre,Coach,Mrs. Clay Matthews,Screech,Moe,Junior,,,,,,,,,,,,,
1,GOPT,2023,8/28/23,NO,,Waxcuses,20,2,YES,Mrs. Clay Matthews,Andre,Coach,Screech,Waxcuses,Junior,Moe,,,,,,,,,,,,,
1,GOPT,2023,9/26/23,NO,,Moe,20,1,YES,Screech,Waxcuses,Siri,Mrs. Clay Matthews,Coach,Andre,Moe,,,,,,,,,,,,,
1,GOPT,2023,9/26/23,NO,,Moe,20,2,YES,Waxcuses,Andre,Mrs. Clay Matthews,Siri,Coach,Moe,Screech,,,,,,,,,,,,,
1,GOPT,2023,10/24/23,NO,,Mrs. Clay Matthews,20,1,YES,Screech,Coach,Masta Pussy,Moe,Siri,Mrs. Clay Matthews,Andre,,,,,,,,,,,,,
1,GOPT,2023,10/24/23,NO,,Mrs. Clay Matthews,20,2,YES,Moe,Siri,Screech,Andre,Coach,Masta Pussy,Mrs. Clay Matthews,,,,,,,,,,,,,
1,GOPT,2023,11/30/23,NO,,Masta Pu$$y,20,1,YES,Waxcuses,Andre,Coach,Moe,Screech,Masta Pussy,,,,,,,,,,,,,,
1,GOPT,2023,11/30/23,NO,,Masta Pu$$y,20,2,YES,Masta Pussy,Moe,Waxcuses,Coach,Andre,Screech,,,,,,,,,,,,,,
1,GOPT,2023,12/18/23,NO,,Andre,20,1,YES,Screech,Waxcuses,Andre,Junior,Coach,Moe,,,,,,,,,,,,,,
1,GOPT,2023,12/18/23,NO,,Andre,20,2,YES,Screech,Moe,Andre,Waxcuses,Junior,Coach,,,,,,,,,,,,,,
1,GOPT,2024,1/18/24,NO,,Siri,20,1,YES,Junior,Mrs. Clay Matthews,Moe,Coach,Andre,Waxcuses,Siri,Masta Pussy,,,,,,,,,,,,
1,GOPT,2024,1/18/24,NO,,Siri,20,2,YES,Moe,Masta Pussy,Coach,Andre,Mrs. Clay Matthews,Siri,Waxcuses,Junior,,,,,,,,,,,,
1,GOPT,2024,2/29/24,NO,,Coach,20,1,YES,Siri,Screech,Andre,Masta Pussy,The Bieb,Coach,Mrs. Clay Matthews,Flo Rida,Moe,Junior,,,,,,,,,,
1,GOPT,2024,2/29/24,NO,,Coach,20,2,YES,Moe,Mrs. Clay Matthews,The Bieb,Junior,Masta Pussy,Andre,Siri,Screech,Coach,Flo Rida,,,,,,,,,,
1,GOPT,2024,3/28/24,YES,AC Baby,,40,1,YES,Masta Pussy,Coach,Moe,Flo Rida,The Bieb,Screech,,,,,,,,,,,,,,
1,GOPT,2024,4/23/24,NO,,Screech,20,1,YES,Screech,Mrs. Clay Matthews,Siri,Coach,Andre,Moe,Waxcuses,Junior,Masta Pussy,,,,,,,,,,,
1,GOPT,2024,4/23/24,NO,,Screech,20,2,YES,Masta Pussy,Siri,Moe,Andre,Junior,Waxcuses,Mrs. Clay Matthews,Coach,Screech,,,,,,,,,,,
1,GOPT,2024,5/21/24,NO,,Andre,20,1,YES,Siri,Flo Rida,Mrs. Clay Matthews,Waxcuses,Moe,The Bieb,Andre,Coach,Screech,,,,,,,,,,,
1,GOPT,2024,5/21/24,NO,,Andre,20,2,YES,Waxcuses,Mrs. Clay Matthews,Flo Rida,Siri,Moe,Andre,Screech,Coach,The Bieb,,,,,,,,,,,
1,GOPT,2024,6/11/24,NO,,Waxcuses,20,1,YES,Screech,Coach,Waxcuses,Andre,Moe,,,,,,,,,,,,,,,
1,GOPT,2024,6/11/24,NO,,Waxcuses,20,2,YES,Andre,Screech,Moe,Waxcuses,Coach,,,,,,,,,,,,,,,
1,GOPT,2024,7/29/24,NO,,The Bieb,20,1,YES,Screech,Mrs. Clay Matthews,Coach,The Bieb,Junior,Andre,Flo Rida,,,,,,,,,,,,,
1,GOPT,2024,7/29/24,NO,,The Bieb,20,2,YES,Screech,Coach,The Bieb,Mrs. Clay Matthews,Flo Rida,Junior,Andre,,,,,,,,,,,,,
1,GOPT,2024,8/26/24,NO,,Junior,20,1,YES,Andre,Siri,Waxcuses,The Bieb,Coach,Moe,Screech,Masta Pussy,Junior,Mrs. Clay Matthews,,,,,,,,,,
1,GOPT,2024,8/26/24,NO,,Junior,20,2,YES,Screech,Masta Pussy,Junior,The Bieb,Coach,Mrs. Clay Matthews,Siri,Moe,Andre,Waxcuses,,,,,,,,,,
1,GOPT,2024,9/26/24,NO,,Moe,20,1,YES,Masta Pussy,Coach,Moe,Andre,Waxcuses,Mrs. Clay Matthews,Screech,Siri,,,,,,,,,,,,
1,GOPT,2024,9/26/24,NO,,Moe,20,2,YES,Mrs. Clay Matthews,Screech,Andre,Coach,Moe,Waxcuses,Masta Pussy,Siri,,,,,,,,,,,,
1,GOPT,2024,10/24/24,NO,,Mrs. Clay Matthews,20,1,YES,Andre,Siri,Masta Pussy,Waxcuses,Screech,Moe,Mrs. Clay Matthews,,,,,,,,,,,,,
1,GOPT,2024,10/24/24,NO,,Mrs. Clay Matthews,20,2,YES,Mrs. Clay Matthews,Siri,Masta Pussy,Moe,Andre,Screech,Waxcuses,,,,,,,,,,,,,
1,GOPT,2024,11/4/24,NO,,Masta Pu$$y,20,1,YES,Flo Rida,Moe,Waxcuses,Coach,Screech,Andre,Mrs. Clay Matthews,Masta Pussy,The Bieb,Siri,,,,,,,,,,
1,GOPT,2024,11/4/24,NO,,Masta Pu$$y,20,2,YES,Masta Pussy,Waxcuses,Mrs. Clay Matthews,Screech,Coach,Andre,Siri,The Bieb,Flo Rida,Moe,,,,,,,,,,
1,GOPT,2024,12/3/24,YES,Hold'em for the Holidays,Flo Rida,40,1,YES,Coach,Mrs. Clay Matthews,Masta Pussy,Moe,Flo Rida,Screech,Siri,Andre,Waxcuses,,,,,,,,,,,
1,GOPT,2025,1/16/25,NO,,Siri,20,1,YES,Siri,Masta Pussy,Moe,Mrs. Clay Matthews,Waxcuses,Coach,Flo Rida,Andre,Junior,Screech,,,,,,,,,,
1,GOPT,2025,1/16/25,NO,,Siri,20,2,YES,Andre,Screech,Flo Rida,Mrs. Clay Matthews,Junior,Masta Pussy,Coach,Moe,Siri,Waxcuses,,,,,,,,,,
1,GOPT,2025,2/24/25,NO,,Coach,20,1,YES,Siri,Masta Pussy,Coach,Moe,Screech,Andre,,,,,,,,,,,,,,
1,GOPT,2025,2/24/25,NO,,Coach,20,2,YES,Masta Pussy,Andre,Moe,Screech,Siri,Coach,,,,,,,,,,,,,,
1,GOPT,2025,3/20/25,NO,,Screech,20,1,YES,Coach,Masta Pussy,Screech,Moe,Andre,Siri,Waxcuses,,,,,,,,,,,,,
1,GOPT,2025,3/20/25,NO,,Screech,20,2,YES,Coach,Andre,Waxcuses,Masta Pussy,Moe,Screech,Siri,,,,,,,,,,,,,
1,GOPT,2025,4/21/25,YES,AC Baby,,40,1,YES,Moe,Screech,No Limit,Masta Pussy,Coach,,,,,,,,,,,,,,,
1,GOPT,2025,5/20/25,NO,,Andre,20,1,YES,Screech,Coach,Waxcuses,Mrs. Clay Matthews,Siri,Andre,Moe,No Limit,,,,,,,,,,,,
1,GOPT,2025,5/20/25,NO,,Andre,20,2,YES,Moe,Coach,Mrs. Clay Matthews,No Limit,Siri,Andre,Waxcuses,Screech,,,,,,,,,,,,
1,GOPT,2025,6/10/25,NO,,Waxcuses,20,1,YES,Screech,No Limit,Siri,Masta Pussy,Coach,Moe,Mrs. Clay Matthews,Andre,Flo Rida,Waxcuses,,,,,,,,,,
1,GOPT,2025,6/10/25,NO,,Waxcuses,20,2,YES,Masta Pussy,Screech,Mrs. Clay Matthews,Flo Rida,Moe,Waxcuses,No Limit,Andre,Siri,Coach,,,,,,,,,,
1,GOPT,2025,7/8/25,NO,,The Bieb,20,1,YES,Screech,Andre,Moe,The Bieb,Flo Rida,No Limit,Siri,Coach,,,,,,,,,,,,
1,GOPT,2025,7/8/25,NO,,The Bieb,20,2,YES,The Bieb,Coach,Moe,No Limit,Flo Rida,Siri,Screech,Andre,,,,,,,,,,,,
1,GOPT,2025,8/27/25,NO,,Moe,20,1,YES,Moe,Screech,Junior,Coach,Waxcuses,Siri,No Limit,Andre,,,,,,,,,,,,
1,GOPT,2025,8/27/25,NO,,Moe,20,2,YES,Junior,Screech,No Limit,Waxcuses,Andre,Siri,Coach,Moe,,,,,,,,,,,,
1,GOPT,2025,9/10/25,NO,,Junior,20,1,YES,Moe,Mrs. Clay Matthews,Junior,Coach,Waxcuses,Screech,No Limit,Siri,Andre,,,,,,,,,,,
1,GOPT,2025,9/10/25,NO,,Junior,20,2,YES,Waxcuses,Siri,Mrs. Clay Matthews,Andre,No Limit,Coach,Junior,Moe,Screech,,,,,,,,,,,
1,GOPT,2025,10/20/25,NO,,Mrs. Clay Matthews,20,1,YES,Coach,Screech,Siri,Flo Rida,No Limit,Waxcuses,Andre,Moe,Mrs. Clay Matthews,Junior,,,,,,,,,,
1,GOPT,2025,10/20/25,NO,,Mrs. Clay Matthews,20,2,YES,Siri,No Limit,Mrs. Clay Matthews,Junior,Coach,Waxcuses,Flo Rida,Screech,Andre,Moe,,,,,,,,,,
1,GOPT,2025,11/10/25,NO,,No Limit,20,1,YES,Junior,Andre,Screech,Moe,Flo Rida,No Limit,Siri,Mrs. Clay Matthews,Coach,,,,,,,,,,,
1,GOPT,2025,11/10/25,NO,,No Limit,20,2,YES,Coach,Siri,Moe,Andre,Junior,Flo Rida,No Limit,Mrs. Clay Matthews,Screech,,,,,,,,,,,
1,GOPT,2025,12/2/25,YES,Hold'em for the Holidays,Flo Rida,40,1,YES,Moe,Coach,Mrs. Clay Matthews,Screech,Andre,Junior,Masta Pussy,Waxcuses,Siri,Flo Rida,No Limit,,,,,,,,,
1,GOPT,2026,1/15/26,NO,,Siri,20,1,YES,Moe,Coach,No Limit,Siri,Mrs. Clay Matthews,Masta Pussy,Waxcuses,Andre,Flo Rida,,,,,,,,,,,
1,GOPT,2026,1/15/26,NO,,Siri,20,2,YES,Mrs. Clay Matthews,Coach,Andre,Siri,No Limit,Masta Pussy,Moe,Waxcuses,Flo Rida,,,,,,,,,,,
1,GOPT,2026,2/19/26,NO,,Coach,20,1,YES,Waxcuses,Coach,Masta Pussy,Screech,Junior,Mrs. Clay Matthews,Andre,No Limit,Moe,,,,,,,,,,,
1,GOPT,2026,2/19/26,NO,,Coach,20,2,YES,Moe,Mrs. Clay Matthews,Andre,Masta Pussy,Screech,Junior,Coach,No Limit,Waxcuses,,,,,,,,,,,
1,GOPT,2026,3/4/26,NO,,Andre,20,1,YES,Andre,Moe,Siri,Waxcuses,Screech,Mrs. Clay Matthews,No Limit,Masta Pussy,Coach,,,,,,,,,,,
1,GOPT,2026,3/4/26,NO,,Andre,20,2,YES,Siri,Coach,Moe,Waxcuses,Masta Pussy,No Limit,Mrs. Clay Matthews,Andre,Screech,,,,,,,,,,,
1,GOPT,2026,4/2/26,YES,AC Baby,,40,1,YES,Coach,Screech,Masta Pussy,No Limit,Moe,Junior,,,,,,,,,,,,,,
