Date,Season,Major?,Host,Winner
11/8/2007,2007-2009,No,Coach,Coach
6/27/2008,2007-2009,No,Coach,Waxcuses
12/4/2008,2007-2009,No,Siri,Moe
1/2/2009,2007-2009,No,Moe,Coach
2/12/2009,2007-2009,No,Andre,Siri
3/12/2009,2007-2009,No,Princess Peach,Siri
4/12/2009,2007-2009,Yes,,Siri
5/7/2009,2007-2009,No,Moe,Princess Peach
8/31/2009,2009-2010,No,Waxcuses,Waxcuses
9/24/2009,2009-2010,No,Siri,Moe
10/15/2009,2009-2010,No,Andre,Coach
12/3/2009,2009-2010,No,Princess Peach,Princess Peach
1/7/2010,2009-2010,No,Moe,Coach
2/4/2010,2009-2010,No,Coach,Norman
3/10/2010,2009-2010,Yes,,Siri
4/1/2010,2009-2010,Yes,,Masta Pu$$y
5/6/2010,2009-2010,No,Waxcuses,Princess Peach
6/30/2010,2009-2010,No,Siri,Moe
8/13/2010,2010-2011,No,DP Preview,Masta Pu$$y
9/23/2010,2010-2011,No,Princess Peach,Siri
10/28/2010,2010-2011,No,Siri,Screech
12/3/2010,2010-2011,No,Moe,Princess Peach
12/29/2010,2010-2011,No,Coach,Siri
1/27/2011,2010-2011,No,Waxcuses,Coach
3/3/2011,2010-2011,No,Siri,Masta Pu$$y
3/19/2011,2010-2011,Yes,,Siri
4/21/2011,2010-2011,Yes,,Screech
5/8/2011,2010-2011,Yes,,Masta Pu$$y
6/1/2011,2010-2011,No,Princess Peach,Coach
8/4/2011,2011-2012,No,Andre,Moe
9/14/2011,2011-2012,No,Moe,Waxcuses
9/29/2011,2011-2012,No,Andre,Screech
11/10/2011,2011-2012,No,Coach,Siri
12/8/2011,2011-2012,No,Coach,Princess Peach
12/30/2011,2011-2012,Yes,,Screech
1/26/2012,2011-2012,No,Siri,Siri
2/9/2012,2011-2012,No,Andre,Screech
3/17/2012,2011-2012,Yes,,Moe
4/5/2012,2011-2012,Yes,,Moe
5/3/2012,2011-2012,No,Moe,Screech
6/27/2012,2011-2012,No,Andre,Siri
8/14/2012,2012-2013,No,Siri,Waxcuses
9/11/2012,2012-2013,No,Coach,Moe
10/12/2012,2012-2013,No,Waxcuses,Siri
11/14/2012,2012-2013,No,Siri,Princess Peach
12/30/2012,2012-2013,Yes,,Coach
1/17/2013,2012-2013,No,Andre,Siri
2/22/2013,2012-2013,No,Moe,Masta Pu$$y
3/9/2013,2012-2013,Yes,,Siri
3/28/2013,2012-2013,Yes,,Moe
5/9/2013,2012-2013,No,Screech,Coach
6/26/2013,2012-2013,No,Coach,Siri
9/9/2013,2013-2014,No,Waxcuses,Moe
10/11/2013,2013-2014,No,Princess Peach,Siri
11/21/2013,2013-2014,No,Siri,The Bieb
12/27/2013,2013-2014,Yes,,Coach
1/9/2014,2013-2014,No,Andre,Screech
2/4/2014,2013-2014,No,Moe,Princess Peach
2/27/2014,2013-2014,No,Screech,Coach
3/22/2014,2013-2014,Yes,,Mrs. Clay Matthews
4/17/2014,2013-2014,Yes,,Siri
5/21/2014,2013-2014,No,Coach,Junior
7/1/14,2013-2014,No,Siri,Junior
8/26/14,2013-2014,No,Waxcuses,Coach
9/18/14,2014-2015,No,Andre,Mrs. Clay Matthews
10/28/14,2014-2015,No,Moe,Siri
11/24/14,2014-2015,No,Screech,Mrs. Clay Matthews
12/22/14,2014-2015,No,Coach,Andre
1/2/15,2014-2015,Yes,,Siri
1/20/15,2014-2015,No,Siri,Screech
2/19/15,2014-2015,No,Waxcuses,Moe
3/21/15,2014-2015,Yes,,Moe
4/2/15,2014-2015,Yes,,Waxcuses
5/19/15,2014-2015,No,Junior,Junior
6/16/15,2014-2015,No,Mrs. Clay Matthews,Siri
7/21/15,2014-2015,No,Moe,Screech
9/16/15,2015-2016,No,Andre,Moe
10/13/15,2015-2016,No,Peewee,Coach
11/4/15,2015-2016,No,Coach,Moe
12/9/15,2015-2016,No,Siri,Masta Pu$$y
12/30/15,2015-2016,Yes,,Screech
1/21/16,2015-2016,No,Junior,Moe
2/11/16,2015-2016,No,Waxcuses,Screech
3/24/16,2015-2016,Yes,,Masta Pu$$y
4/28/16,2015-2016,No,The Bieb,Siri
5/31/16,2015-2016,No,Mrs. Clay Matthews,Coach
6/17/16,2015-2016,Yes,,Siri
7/26/16,2015-2016,No,Andre,Mrs. Clay Matthews
9/20/16,2016-2017,No,Coach,Junior
10/20/16,2016-2017,No,Siri,Waxcuses
11/29/16,2016-2017,No,Junior,Masta Pu$$y
12/31/16,2016-2017,Yes,,Coach
1/23/17,2016-2017,No,The Bieb,Masta Pu$$y
2/16/17,2016-2017,No,Moe,Moe
3/23/17,2016-2017,No,Waxcuses,Moe
4/13/17,2016-2017,Yes,,Moe
5/31/17,2016-2017,No,Andre,Coach
6/23/17,2016-2017,Yes,,Andre
7/26/17,2016-2017,No,Mrs. Clay Matthews,Mrs. Clay Matthews
8/30/17,2016-2017,No,Coach,Waxcuses
9/22/17,2017-2018,No,Siri,Siri
10/25/17,2017-2018,No,Junior,Siri
11/29/17,2017-2018,No,The Bieb,Andre
12/29/17,2017-2018,Yes,,Moe
1/16/18,2017-2018,No,Moe,Waxcuses
2/19/18,2017-2018,No,Waxcuses,Junior
3/15/18,2017-2018,No,Andre,Junior
3/29/18,2017-2018,Yes,,Junior
4/26/18,2017-2018,No,Mrs. Clay Matthews,Coach
5/30/18,2017-2018,No,Siri,The Bieb
6/15/18,2017-2018,Yes,,Masta Pu$$y
8/1/18,2017-2018,No,Coach,Siri
8/29/18,2017-2018,No,Junior,Siri
10/3/18,2018-2019,No,The Bieb,Moe
10/24/18,2018-2019,No,Moe,Waxcuses
11/19/18,2018-2019,No,Waxcuses,Siri
1/10/19,2018-2019,No,Andre,Andre
1/21/19,2018-2019,Yes,,Siri
2/12/19,2018-2019,No,Mrs. Clay Matthews,Siri
3/28/19,2018-2019,No,Coach,Moe
4/18/19,2018-2019,Yes,,Moe
5/28/19,2018-2019,No,Siri,Coach
6/14/2019,2018-2019,Yes,,Moe
7/23/19,2018-2019,No,Junior,Coach
8/27/19,2018-2019,No,The Bieb,Moe
9/18/19,2019-2020,No,Moe,Moe
10/30/19,2019-2020,No,Waxcuses,Moe
11/21/19,2019-2020,No,Andre,Andre
12/9/19,2019-2020,No,Mrs. Clay Matthews,Siri
1/27/20,2019-2020,No,Coach,The Bieb
2/25/20,2019-2020,No,Siri,The Bieb
3/25/20,2019-2020,No,None (Virtual),Masta Pu$$y
4/9/20,2019-2020,No,None (Virtual),Screech
5/5/20,2019-2020,No,None (Virtual),Siri
6/3/20,2019-2020,No,None (Virtual),The Bieb
7/14/20,2019-2020,No,None (Virtual),Screech
9/10/20,2019-2020,No,None (Virtual),Junior
12/8/20,2020-2021,No,None (Virtual),Screech
1/21/21,2020-2021,No,None (Virtual),Coach
2/25/21,2020-2021,No,None (Virtual),Masta Pu$$y
3/16/21,2020-2021,No,None (Virtual),Coach
4/22/21,2020-2021,No,None (Virtual),Masta Pu$$y
5/24/21,2020-2021,No,None (Virtual),Screech
6/29/21,2020-2021,No,Moe,Screech
8/3/21,2020-2021,No,None (Virtual),Junior
10/28/21,2020-2021,No,Moe,Coach
11/12/21,2020-2021,No,Mrs. Clay Matthews,Screech
2/17/22,2022,No,Siri,Screech
3/29/22,2022,No,Junior,Moe
4/27/22,2022,No,Waxcuses,Screech
6/3/22,2022,No,Coach,Siri
6/29/22,2022,No,None (Virtual),Junior
7/20/22,2022,No,The Bieb,Screech
8/30/22,2022,No,Screech,Coach
9/22/22,2022,No,Andre,Moe
10/11/22,2022,No,Masta Pu$$y,Screech
11/10/22,2022,No,Moe,Waxcuses
12/7/22,2022,No,Mrs. Clay Matthews,Coach
1/29/23,2023,No,Siri,Masta Pu$$y
2/28/23,2023,No,Coach,Screech
3/23/23,2023,No,Screech,Andre
4/6/23,2023,,AC Baby,Coach
4/20/23,2023,No,Andre,Andre
6/13/23,2023,No,Junior,Junior
7/25/23,2023,No,The Bieb,Mrs. Clay Matthews
8/28/23,2023,No,Waxcuses,Andre
9/26/23,2023,No,Moe,Waxcuses
10/24/23,2023,No,Mrs. Clay Matthews,Screech
11/30/23,2023,No,Masta Pu$$y,Waxcuses
12/18/23,2023,No,Andre,Screech
1/18/24,2024,No,Siri,Moe
2/29/24,2024,No,Coach,The Bieb
3/28/24,2024,,AC Baby,Masta Pu$$y
4/23/24,2024,No,Screech,Siri
5/21/24,2024,No,Andre,Waxcuses
6/11/24,2024,No,Waxcuses,Screech
7/29/2024,2024,No,The Bieb,Screech
8/26/2024,2024,No,Junior,Screech
9/26/2024,2024,No,Moe,Coach
10/24/2024,2024,No,Mrs. Clay Matthews,Siri
11/4/2024,2024,No,Masta Pu$$y,Waxcuses
12/3/2024,2024,,Flo Rida,Coach
1/16/2025,2025,No,Siri,Mrs. Clay Matthews
2/24/2025,2025,No,Coach,Masta Pu$$y
3/20/2025,2025,No,Screech,Coach
4/21/25,2025,,AC Baby,Moe
5/20/25,2025,No,Andre,
6/10/25,2025,No,Waxcuses,
7/8/25,2025,No,The Bieb,
8/27/25,2025,No,Moe,
9/10/25,2025,No,Junior,
10/20/25,2025,No,Mrs. Clay Matthews,
11/10/25,2025,No,No Limit,
12/2/25,2025,,Flo Rida,
1/15/26,2026,No,Siri,
2/19/26,2026,No,Coach,
3/4/26,2026,No,Andre,
4/2/26,2026,,AC Baby,
